,Date,Username,Displayname,Tweet Content,Amount of Replies,Retweet Count,Like Count
0,"May 27, 2017 ┬╖ 2:30 PM UTC",@subinbhattarai1,Subin Bhattarai,"рдпрд╛рддреНрд░рд╛ рддреНрдпреЛрд╕рдБрдЧ рд╕реБрдиреНрджрд░ рд▓рд╛рдЧреНрдЫ, рдЬреЛрд╕рдБрдЧ рдХреБрдорд╕рдБрдЧ рдХреБрдо, рд╣рд╛рддрдорд╛ рд╣рд╛рдд рдорд┐рд▓рд╛рдПрд░ рд╣рд┐рдБрдбреНрди рдкрд╛рдЗрдпреЛрд╕, рди рдХрд┐ рдХрд╕реИрдХреЛ рдкрдЫрд╛рдбреА рд▓рд╛рдЧреНрди рдкрд░реЛрд╕реН, рди рдХрд╕реИрдХреЛ рдЕрдЧрд╛рдбреА рд╣рд┐рдБрдбреНрдирдкрд░реЛрд╕реН !",9,298,680
1,"Jul 7, 2016 ┬╖ 11:59 AM UTC",@Bhandaridipika,Dee Pee ka,"uffs,what a boring day. :-( :-(",0,0,2
2,"Jun 13, 2016 ┬╖ 6:46 AM UTC",@sherpapasang__,sherpa pasang ЁЯЗ│ЁЯЗ╡,рдЖрдЬрдХреЛ рдпреЛ рд╣рд╛рдореНрд░реЛ рд╕рдорд╛рдЬрдорд╛ рдЕрдХреНрд╕рд░ рддреНрдпреЛ рдорд╛рдиреНрдЫреЗ рдПрдХреНрд▓реИ рд╣реБрдиреНрдЫ рдЬреЛ рд╕рдЪреНрдЪрд╛ рдЗрдорд╛рдиреНрджрд╛рд░реА рд░ рд╕реЛрдЭреЛ рд╣реБрдиреНрдЫ,5,197,159
3,"Mar 26, 2016 ┬╖ 2:01 PM UTC",@junkirimaya123,рдЬреБрдирдХрд┐рд░реА,"рдЖрдлреНрдиреИ рдЬрд┐рдиреНрджрдЧреА рдд рдЕрд░реНрдХреИрдХреЛ рдИрд╢рд╛рд░рд╛рдорд╛ рдЪрд▓рд╛рдКрдиреБ рдкрд░реНрдЫ рдпрд╣рд╛рдБ  рдЕрдирд┐ рдЕрд░реБрдХреЛ рдХреЗ рдЖрд╢,рднрд░реЛрд╢рд╛ рдЧрд░реНрдиреБ рдЖрдлреНрдирд╛ рд▓рд╛рдЧрд┐",2,6,15
4,"Oct 27, 2015 ┬╖ 2:04 AM UTC",@RimalGanesh,Ganesh Rimal,"""рдЬреЛ рднрд╛рдЧреНрдпрдорд╛ рдЫ рддреНрдпреЛ рднрд╛рдЧреЗрд░ рдиреА рдЖрдлреВрд╕рдЧреИ рдЖрдЙрдЫ рддрд░ рдЬреЛ рднрд╛рдЧреНрдпрдореИ рдЫреИрди рддреНрдпреЛ рдЖрдПрд░ рдиреА рднрд╛рдЧреЗрд░ рдЬрд╛рдиреНрдЫ ред""",18,619,736
5,"Feb 5, 2016 ┬╖ 4:21 PM UTC",@RimalGanesh,Ganesh Rimal,рдЕрдЪрдореНрдо рдЫ рджреБрдирд┐рдпрд╛рдБ рдПрдХреИрдорд┐рдиреЗрдЯреНрдорд╛ рдорд╛рдирд┐рд╕рдХреЛ рдорди рдкрд░рд┐рд╡рд░реНрддрди рднрдПрд░ рдХрд╣рд╛рдБ рдкреБрдЧреНрдЫ ред,0,6,8
6,"Oct 16, 2015 ┬╖ 12:51 AM UTC",@IAmBippu,рд╡рд┐рдкрд┐рди :),рдиреЗрддрд╛ рд╣рд░реБ рднрд╖реНрдЯрдЪрд╛рд░ рдЧрд░реНрдиреЗ ! рд╡реНрдпрд╛рдкрд╛рд░реА рдХрд╛рд▓реЛ рдмрдЬрд╛рд░реА рдЧрд░реНрдиреЗ ! рдмрд┐рджреНрдпрд╛рд░реНрдереА рд░рд╛рдЬрдиреАрддрд┐ рдЧрд░реНрдиреЗ ! рдпреБрд╡рд╛ рдмрд┐рджреЗрд╢ рдЬрд╛рдиреЗ ! рдЦреЗрд▓рд╛рдбреА рдореНрдпрд╛рдЪ рдлрд┐рдХреНрд╕рд┐рдЩ рдЧрд░реНрдиреЗ ! #рд╣рд╛рдореНрд░реЛ_рдиреЗрдкрд╛рд▓,5,128,178
7,"Dec 11, 2015 ┬╖ 3:33 PM UTC",@bpdahal2,рджрд╛.... рднрд╛рд╖реНрдХрд░,"рд╡рд╛рд░реНрддрд╛ ,рд╡рд╛рд░реНрддрд╛ рдорд╛рдиреИ рдЪрд┐рдпрд╛,рд╡рд┐рд╕реНрдХреБрдЯ,рдХреЛ рдЦрд░реНрдЪ рдХрд╕реНрд▓реЗ рдЙрдард╛рдЙрдЫ,рдЕрдм рдд рдЕрддрд┐ рднреЛ рд╡рд╛рд░реНрддрд╛рдХреЛ рдирд╛рдЙрдорд╛ рд╕рд░рдХрд╛рд░рд┐ рдЦрд░реНрдЪ рдзреЗрд░реИ рднреЛ,рд╡рд╛рдзреЗрд░ рдШрд╛рдБрд╕ рд╣рд╛рд▓реНрдирдкрд░реНрдпреЛ,рджреБрд╡реИ рдерд░рд┐рд▓рд╛рдИ #рдиреЗрдкрд╛рд▓",2,9,17
8,"Sep 15, 2014 ┬╖ 2:40 AM UTC",@aloofpradip,рджрд╣рд╛рд▓,рдорд╛рдиреНрдЫреЗрдХреЛ рдорди рдкреЗрдЯреНрд░рд╛реЗрд▓рд┐рдпрдо рдкрджрд╛рд░реНрде рдЬрд╕реНрддреИ рдЕрддрд┐ рдкреНрд░рдЬреНрд╡рд▓рдирд╢рд┐рд▓ рд╣реБрдиреНрдЫ.. рдЕрд░реВрдХрд╛реЗ рдкреНрд░рдЧрддрд┐ рд░ рдЙрдиреНрдирддрд┐рдХрд╛реЗ рдЧрдиреНрдз рдкрд╛рдЙрдиреЗ рдмрд┐рддреНрддрд┐рдХреИ рдЬрд▓рд┐ рд╣рд╛рд▓реНрдиреЗред,37,1167,1487
9,"Dec 11, 2015 ┬╖ 3:37 PM UTC",@Bhandaridipika,Dee Pee ka,barta ko result paelenae tha hunx. :) alwayz #niskarsabihin  :(,0,0,3
10,"Dec 11, 2015 ┬╖ 3:17 PM UTC",@siru202,рд╕рдореНрдЭрдирд╛ рдордиреИрдорд╛,рдордзреЗрд╕ рдЖрдиреНрджреЛрд▓рди рд╣реЛрдЗрди рдкреИрд╕рд╛ рдХрдорд╛рдЙрдиреЗ рдзрдиреНрджрд╛ рднрдПрдЫ рдЕрдирд┐ рдХрд╕рд░реА рд░реЛрдХрд┐рдпреЛрд╕?? рдкрд╣рд┐рд▓реЗ резреж рд░реБрдкрд┐рдпрд╛рдБ рдирд╣реБрдиреЗ рдЕрд╣рд┐рд▓реЗ рджреИрдирд┐рдХ резрелрежреж рдХрдорд╛рдЙрдЫрди ред #BBC,2,6,14
11,"Dec 10, 2015 ┬╖ 2:43 AM UTC",@RajBallav,Raj Ballav Koirala (рд░рд╛рдЬрдмрд▓реНрд▓рдн рдХреЛрдИрд░рд╛рд▓рд╛),Happiness is when you Dance with your Mum and Dad.,1,8,18
12,"Nov 30, 2015 ┬╖ 9:17 AM UTC",@siru202,рд╕рдореНрдЭрдирд╛ рдордиреИрдорд╛,"рдмрд╛рд░реНрддрд╛ рднрдиреЗрдкрдЫреА рдЦреБрд╕реА рд╣реБрдиреНрди рднрдиреЗрддрд╛ рдкрдирд┐ рдХрддрд╛рдХрддрд╛ рдЦреБрд╕реА рд▓рд╛рдЙрдЫ,,рддрд░ рд╣рд╛рдореНрд░рд╛ рдЯрд╛рдЙрдХреЗрд╣рд░реБрд▓реЗ рдкрд▓рднрд░рдореИ рдЦреБрд╕реА рд▓реБрдЯреЗрд░ рд▓рд╛рдиреНрдЫрди,,рдЪрд┐рдиреНрддрд╛ рд╣рд╛рдореАрд▓рд╛рдИ рднрдПрд░ рдХреЗ рдЧрд░реНрдиреБ??",0,3,11
13,"Nov 17, 2015 ┬╖ 5:08 AM UTC",@sanjudidi,Sanju Ale Rai ЁЯЗ│ЁЯЗ╡,рд░реБрдЦ рдЬрддрд┐ рдиреИ рдареБрд▓реЛрднрдПрдкрдирд┐ рдЙ рдЬрдиреНрдореЗрдХреЛ рд╡рд┐рдЬ рд╕рд╛рдиреЛ рдерд┐рдпреЛ рднрдиреНрдиреЗ рддрдереНрдпрд▓рд╛рдИ рдирдЬрд░ рдЕрдиреНрджрд╛рдЬрдЧрд░рд┐рдпреЛ рднрдиреЗ рд╕рдВрд╕рд╛рд░ рдХреЛ  рднреМрддрд┐рдХ рд╕реБрдЦ рдкреНрд░рд╛рдкреНрдд  рд╣реЛрд▓рд╛ рддрд░рдЖрддреНрдорд┐рдХ рд╕рдиреНрддреБрд╖реНрдЯреА рд╣реБрдБрджреИрдиредред,7,169,299
14,"Nov 21, 2015 ┬╖ 5:00 AM UTC",@Bhandaridipika,Dee Pee ka,,2,1,12
15,"Nov 21, 2015 ┬╖ 1:51 AM UTC",@UniqueYg,рдпреЛрдЧреЗрдитДв,рдиреЗрдкрд╛рд▓рд┐рдХреЛ рджреЗрд╢рднрдХреНрддрд┐ рд░ рд╕реНрд╡рд╛рднрд┐рдорд╛рди рдЯреБрдИрдЯрд░рдорд╛ #BackOffIndia рдмрд╛рдЯ рд╕реБрд░реБ рднрдПрд░ рдлрд┐рд▓реНрдо рд╣рд▓рдорд╛ #PremRatanDhanPayo рдорд╛ рдкреБрдЧреЗрд░ рдЯреБрдЩрдЧрд┐рдиреНрдЫ ред,1,3,3
16,"Sep 29, 2015 ┬╖ 5:55 AM UTC",@dipakghimireNP,Dipak Ghimire,рдорд╛рдл рдЧрд░реНрдиреБрд╣реЛрд╕реН рдо рдирд╛рдХрд╛рдмрдиреНрджрд┐рдХреЛ рд╕рдорд░реНрдерди рдЧрд░реНрджрдЫреБ рдХрд┐рди рдпреЛ рд╣рд╛рдорд┐рд▓рд╛рдИ рд╕реНрд╡рд╛рдмрд▓рдореНрднреА рдмрдирд╛рдЙрдиреЗ рд╕реБрдмрд░реНрдг рдЕрдмрд╕рд░ рд╣реЛ рдпрджрд┐ рдпреЛ рдЕрдмрд╕рд░ рдЧреБрдореНрдпреЛ рднрдиреЗ рд╣рд╛рдореНрд░реЛ рднрдмрд┐рд╕реНрдп рдЕрдирд┐рд╢реНрдЪрд┐рдд рдЫ ЁЯШСЁЯШР,4,109,168
17,"Nov 17, 2015 ┬╖ 10:59 AM UTC",@siru202,рд╕рдореНрдЭрдирд╛ рдордиреИрдорд╛,рдПрдХрдЫрд╛рдХ рдЦрд╛рдПрд░ рдмрд╛рдЪреНрди рддрдпрд╛рд░ рдЫреМ рддрд░ рд╕рд░рдХрд╛рд░ рд╣рд╡рд╛рдИрдорд╛рд░реНрдЧ рдкреНрд░рдпреЛрдЧ рдЧрд░реЗрд░ рднрдПрдкрдиреА рдмрд┐рд░рд╛рдореАрд▓рд╛рдИ рдФрд╖рдзрд┐рдХреЛ рдЕрднрд╛рд╡рдорд╛ рдорд░реНрди рдирдкрд╛рд░ #NepalChokedByIndia #SupplyMedicineForNepal,0,9,10
18,"Nov 17, 2015 ┬╖ 11:15 AM UTC",@Bhandaridipika,Dee Pee ka,рдзрдорд╛рдзрдо рдкрд░рд┐рдХреНрд╖рд╛рдлрд▓ рд╕рд╛рд░реНрд╡рдЬрдирд┐рдХ рдЧрд░реНрджреИ рддреНрд░рд┐рднреБрд╡рди рд╡рд┐рд╢реНрд╡рд╡рд┐рджреНрдпрд╛рд▓рдп https://shar.es/15PhFS via @PWD,0,0,1
19,"Nov 16, 2015 ┬╖ 2:40 PM UTC",@Prakriti2048,рдкреНрд░рдХреГрддрд┐ (O+),рдмрд╛рдЯреЛрдорд╛ рдЧрд╛рдбреА рдХреБрджреЗрдХреЛ рд░ рдмрд╛рдЯреЛ рдХреНрд░рд╕ рдЧрд░реНрди рдирд╕рдХреНрджрд╛ рдд рдирд╛рдХрд╛рдмрдиреНрджреА  рдЫ рдЬрд╕реНрддреЛ рдкрдирд┐ рдирд▓рд╛рдЧреНрдиреЗ !,4,22,54
20,"Nov 17, 2015 ┬╖ 7:57 AM UTC",@ChatterboXEemus,Sumuu,"Relationships are not built on love, love is the result of a good relationship built from an initial attraction..",0,7,8
21,"Sep 1, 2015 ┬╖ 4:38 AM UTC",@battery_0,тЪбтЪардмреНрдпрд╛рдЯреНрд░реА рд▓реЛтЪатЪб,рдиреЗрдкрд╛рд▓рдХрд╛ рджрд▓рд╛рд▓рд╣рд░реБрд▓реЗ рдпрд╕рд░реА рдиреИ рдмрд┐рджреЗрд╢реАрд▓рд╛рдЗ рдирд╛рдЧрд░рд┐рдХрддрд╛ рдмрд╛рдбреНрдиреЗ рд╣реЛрднрдиреЗ рд╕рдЪреНрдЪрд╛ рдиреЗрдкрд╛рд▓реА рдЕрдм рдЕрд▓реНрдкрдорддрдорд╛ рдкрд░реНрдиреЗрдЫрдиреНред рдЕрдирд┐ рдиреЗрдкрд╛рд▓ рднрд╛рд░рддрдорд╛ рдмрд┐рд▓рдп рд╣реБрди рдзреЗрд░реИрджрд┐рди рдмрд╛рдХреА рд╣реБрдиреЗрдЫреИрдиЁЯШИ,3,139,156
22,"Nov 16, 2015 ┬╖ 3:45 AM UTC",@Bhandaridipika,Dee Pee ka,I just voted for Maggie Doyne for #CNNHeroes 2015 Hero of the Year at CNNHeroes.com shr-me.com/share.aspx?promotтАж,0,0,1
23,"Nov 15, 2015 ┬╖ 6:38 AM UTC",@Swechhyaraut,рд╕реНрд╡реЗрдЪреНрдЫрд╛,рджрд╛рдЙрд░рд╛ рдмреЗрдЪреНрджрд╛ рдирд╛рдЧрд░рд┐рдХрддрд╛ рд╣реЗрд░реЗрд░ рдХреЗ рдЧрд░реНрдиреБ? рд╕рд░рдХрд╛рд▓рд╛рдИ рдирд┐ рд░рд╛рдореНрд░рд░реА рдерд╛'рдЫ рдХрд╛рдардорд╛рдбреМрдВрдорд╛ рдмрд╕реЗрд░ рд╡реНрдпрд╛рдкрд╛рд░ рдЧрд░реНрдиреЗ рдереБрдкреНрд░реИ рд╣рд┐рдиреНрджреБрд╕реНрддрд╛рдиреА рдЫреЛрд░рд╛рдХреЛ рдирд┐ рдиреЗрдкрд╛рд▓реА рдирд╛рдЧрд░рд┐рдХрддрд╛ рдЫред,3,51,133
24,"Nov 15, 2015 ┬╖ 12:52 PM UTC",@bajraktm,BajrA LamA,"рд╕рд░рдХрд╛рд░рд▓реЗ.... рд▓реНрдпрд╛рдЗрдиреЗрдЫ, рдЧрд░реНрдиреЗрдЫ, рдЧрд░рд┐рдиреЗрдЫ, рджрд┐рдЗрдиреЗрдЫ, рд╕рд╛рдХрд╛рдЗрдиреЗрдЫ, рдЧрд░реНрджрд╛рдЫреБ, рдЫ, рдЫ......., рдореЗрд░реЛ рд╕рдореНрдмреЛрдзрди рдпрд╣реА рдЕрдиреНрддреНрдп рдЧрд░реНрди рдЪрд╣рд╛рдиреНрдЫреБ, рдзрдиреНрдиреЗрдмрд╛рдж ред",0,3,3
25,"Nov 15, 2015 ┬╖ 1:06 PM UTC",@Bhandaridipika,Dee Pee ka,kehi samayema nae samasyako samadhan hunx vanera santwona dine kam matra ta vayo yo sarkarako......Hami Nepaliko #dukhisamaye.,0,1,6
26,"Nov 8, 2015 ┬╖ 7:02 AM UTC",@Dipeshghimiqe,Dipesh Ghimire,рдмрд░реБ рджреЗрдЙрддрд╛ рдЦреЛрдЬреЗ рднреЗрдЯрд┐рдПрд▓рд╛ рддрд░ рдореЛрджрд┐рдорд╛ рдорд╛рдирд╡рддрд╛ ....рдЕрдБрд╣ рднреЗрдЯрд┐рдиреНрди ред ЁЯШбЁЯШбЁЯШб #ModiFailedInNepal #IndiaIsSmallestNationInSAARC,1,3,9
27,"Nov 15, 2015 ┬╖ 4:39 AM UTC",@garjebabu,рдЧрд░реНрдЬреЗ тЬ┤ рд▓реБрдЯреЗрд░реЛ тЬ┤,"рджрд╢реИ/рддрд┐рд╣рд╛рд░ рдЖрдпреЛ рдЧрдпреЛ рдирд╛рдХрд╛рдмрдиреНрджреА рдЦреБрд▓реЗрди,рд╕рд░рдХрд╛рд░ рджрд╛рдЙрд░рд╛ рдмреЗрдЪреЗрд░ рдЬрдирддрд╛рд▓рд╛рдИ рд░рд╛рд╣рдд рджрд┐рдиреЗ рдХреБрд░рд╛ рдЧрд░реНрдЫредрдмреНрдпрд╛рдкрд╛рд░ рдардкреНрдк рдЫ рдЕрдм рдХрддрд┐рджрд┐рди рдкрдЫрд┐ рднреЛрдХрдорд░реА рд╢реБрд░реБ рд╣реБрдиреЗ рд╣реЛредрдмрд┐рдЪрд░рд╛ рд╣рд╛рдорд┐ЁЯЩП",2,24,36
28,"Aug 21, 2015 ┬╖ 3:18 AM UTC",@deepaknepal143,Deepak Nepal,рдмрд┐рд╢реНрд╡рд╛рд╕ рддреНрдпреЛ рд╣реЛ рдЬреБрди рд╕рдореНрдмрдиреНрдз рдорд╛ рдЖрдПрдХрд╛ рддрд┐ рд╕рд╛рдирд╛ рддрд┐рдирд╛ рдХрдорд┐рдХрдордЬреЛрд░реА рд╣рд░реБ рд▓рд╛рдИ рд╕рд┐рджреИ рдкрд░рд▓реЛрдХрдзрд╛рдо рдкреБрд░рд╛рдЙрдиреЗ рдХрд╛рдо рдЧрд░реНрдЫ рд░ рд╕рдореНрдмрдиреНрдз рдмрд▓рд┐рдпреЛ рдмрдирд╛рдЙрдиреЗ рдХрд╛рдо рдЧрд░реНрдЫред,5,651,732
29,"Nov 15, 2015 ┬╖ 4:46 AM UTC",@AasthaNeupane,рдЖрд╕реНрдерд╛,рджрд╛рдЙрд░рд╛ рдд рдмрд╛рдбреНрдЫ рд╕рд░рдХрд╛рд░рд▓реЗ рддрд░ рднрд╛рдбрд╛рдорд╛ рдмрд╕реНрдиреЗ рдЬрдирддрд╛рд▓реЗ рдХрд╣рд╛ рдЖрдЧреЛ рдмрд╛рд▓реЗрд░ рдЦрд╛рдиреЗредрдШрд░рдмреЗрдЯреАрд▓реЗ рдШрд░рднрд┐рддреНрд░ рдЖрдЧреЛ рдмрд╛рд▓реНрди рджрд┐рджреИрдирдиреНред,2,16,35
30,"Nov 7, 2015 ┬╖ 8:17 AM UTC",@rchimouriya,рд╢рд░реНрдлрд░рд╛рдЬ,"рдЦрд╛рди рдирдкрд╛рдПрд░ рдЧрд░рд┐рд╡ рдорд░реНрдиреЗ рднрдП, рдЕрдирд┐ рдпреБрд╡рд╛ рдкреЗрдЯреНрд░реЛрд▓рдХреЛ рд▓рд╛рдЗрдирдореИ рдмреБрдбрд╛ рд╣реБрдиреЗ рднрдП  рдЬреЗ рд╣реЛрд╕ рдореЛрджрд┐рдХреЛ рдЧрд░рд┐рдмреА рдирд┐рдмрд╛рд░рдг рд░ рдпреБрд╡рд╛рд▓рд╛рдИ рд░реЛрдЬрдЧрд╛рд░ рдиреАрддрд┐ рдиреЗрдкрд╛рд▓рдорд╛ рд╕рдлрд▓ рд╣реБрдиреЗ рднреЛ ред",6,65,167
31,"Nov 15, 2015 ┬╖ 6:33 AM UTC",@achyutbulbul,Achyut Ghimire,"рдирд╛рде рдЕрдирд╛рдердХреЛ рдЙрд╣реА рд╣рд╡рд┐рдЧрдд рднреЛ , рд╣реБрдиреНрдЫ рд░ рд╣реЛрд▓рд╛рд▓реЗ рд╡рд┐рд╢реНрд╡рд╛рд╕ рдорд░реНрдорд╛рд╣рдд рднреЛ ред : рд╣реБрдирдд рдордд рдЙрд╕реИрдХреЛ рдмрдвреА рдЫ рдЧрдиреНрджрд╛ ; рддреИрдкрдирд┐ рдЕрд▓реНрдкрдорддрдХреИ рдмрд╣реБрдордд... fb.me/41w24EIfX",0,3,11
32,"Nov 14, 2015 ┬╖ 8:11 AM UTC",@Bhandaridipika,Dee Pee ka,#prayforperis,0,1,0
33,"Nov 14, 2015 ┬╖ 5:09 AM UTC",@Nakkali_05,рдЕрд╕реНрдорд┐рддрд╛....,Stay safe France #PrayForParis,0,1,3
34,"Oct 3, 2015 ┬╖ 2:06 PM UTC",@Bhandaridipika,Dee Pee ka,Forget the mistakes of the past and press on to the greater achievement of the future.:) :),0,2,3
35,"Sep 30, 2015 ┬╖ 3:29 PM UTC",@dream_grl81,Tulasi bhandari,,0,2,0
36,"Sep 29, 2015 ┬╖ 9:34 AM UTC",@sojho_chor,рд╕реЛрдЭреЛ рдЪреЛрд░тДвЁЯЗ│ЁЯЗ╡,"рднреБрдХрдореНрдк рдЖрдпреЛ, рдареВрд▓реЛ рдШрд░ рднрдиреНрджрд╛ рд╕рд╛рдиреЛ рдШрд░ рд╣реБрдиреЗрдХреЛ рдлреБрд░реНрддрд┐ред рдирд╛рдХрд╛рдмрдиреНрджреА рднрдпреЛ, рдЧрд╛рдбреА рднрдиреНрджрд╛ рд╕рд╛рдЗрдХрд▓ рд╣реБрдиреЗрдХреЛ рдлреБрд░реНрддреАред  рднрдиреНрдЫрдиреН рдирд┐! рд╕рдордп рдЧреЛрд▓реЛ рдЫ, рд╕рдкреНрдкреИрдХреЛ рдкрд╛рд▓реЛ рдЖрдЙрдБрдЫред ЁЯШО",1,14,21
37,"Sep 29, 2015 ┬╖ 10:29 AM UTC",@ekantipur_com,ekantipur,рдбрд╛ рдХреЗрд╕реАрд▓реЗ рдЕрдирд╕рди рддреЛрдбреЗ kantipur.ekantipur.com/news/тАж,2,20,46
38,"Sep 29, 2015 ┬╖ 1:27 AM UTC",@thapagk,Gagan Thapa,"рд╕рдВрд╕рд╛рд░рдХреИ  ""рдареВрд▓реЛ рд▓реЛрдХрддрдиреНрддреНрд░рдХреЛ ""рд╕рд╛рдиреЛ рдЫрд┐рдореЗрдХреАрд╕рдБрдЧрдХреЛ рдпрд╕реНрддреЛ рддреБрдЪреНрдЫ рд╡реНрдпрд╡рд╣рд╛рд░рд▓реЗ рд╣рд╛рдореАрд▓рд╛рдИ рд╕рд╛рдиреЛ рджреБрдЦ рд╣реБрдиреНрдЫ рддрд░ рдЕрдиреНрддрддрдГрдареВрд▓реЛрд▓реЗ рдиреИ рдареВрд▓реЛ рдХреНрд╖рддрд┐ рдмреНрдпреЛрд╣реЛрд░реНрдиреБрдкрд░реНрдЫред",115,422,874
39,"Sep 29, 2015 ┬╖ 1:33 AM UTC",@Prakash_Messi,ЁЯЗ│ЁЯЗ╡рдкреНрд░рдХрд╛рд╢тШЖрд╕реБрд╡реЗрджреА,рдЪрд╛рд╣реЗ рдЭреБрдХреЛрд╕ рдирд┐рд▓реЛ рдЕрд╛рдХрд╛рд╢ рдпреЛ рдиреЗрдкрд╛рд▓реА рдЭреБрдХреНрджреИрди! рд╣рд╛рдореА  рд╡реАрд░ рдЧреЛрд░реНрдЦрд╛рд▓реА рд╣реМрдВ рдХрд╕реИрдХреЛ рд╣рд╕реНрддрдХреНрд╖реЗрдк рд╕реНрд╡реАрдХрд╛рд░ рдЫреИрди #рдЬрдп_рдиреЗрдкрд╛рд▓ #BackoffIndia,4,9,14
40,"Sep 27, 2015 ┬╖ 12:17 PM UTC",@sojho_chor,рд╕реЛрдЭреЛ рдЪреЛрд░тДвЁЯЗ│ЁЯЗ╡,"рдиреЗрдкрд╛рд▓рдорд╛ рд╕рдВрдмрд┐рдзрд╛рди рдмрдирд╛рдПрдХреЛ рд╣реЛ,рдЗрд░рд╛рдирд▓реЗ рдЬрд╕реНрддреЛ рд░рд╕рд╛рдпрдирд┐рдХ рд╣рддрд┐рдпрд╛рд░,рдЕрдгреБ рдмрдо рдмрдирд╛рдПрдХреЛ рд╣реИрди рдд рдХрд┐рди рдбрд░рд╛рдПрдХреЛ рдпреЛ рднрд╛рд░рдд рдпрд╕рд░реА? #BackOffIndia",1,28,61
41,"Sep 26, 2015 ┬╖ 4:14 PM UTC",@ashim_pokharel,рдЕрд╕рд┐рдо,рднрд╛рд░рдд рдХреЛ рдирд╛рдХрд╛рдмрдиреНрджреА рдкрдЫрд┐ рдиреЗрдкрд╛рд▓рд┐рд▓реЗ рдпрд╕реНрддреЛ рдкреНрд░рдЧрддреА рдЧрд░реНрдиреБ рдкрд░реНрдЫ рдХрд┐ рдиреЗрдкрд╛рд▓ рдЫрд┐рд░реНрди рдХреЛ рд▓рд╛рдЧрд┐ рдзреЛрддрд┐рд╣рд░реБрд▓реЗ DV рднрд░реНрдиреБрдкрд░реЛрд╕ #UNspeakforNepal #BackOffIndia,4,45,73
42,"Sep 26, 2015 ┬╖ 10:02 AM UTC",@Ujyaalo,Ujyaalo,#BreakingNews рдПрдорд╛рдУрд╡рд╛рджреАрдХрд╛ рдиреЗрддрд╛ рднрдЯреНрдЯрд░рд╛рдИрджреНрд╡рд╛рд░рд╛ рдкрд╛рд░реНрдЯреА рдкрд░рд┐рддреНрдпрд╛рдЧ рдЧрд░реЗрдХреЛ рдШреЛрд╖рдгрд╛ fb.me/4AYLd1yLc,4,17,30
43,"Sep 26, 2015 ┬╖ 3:15 AM UTC",@subinbhattarai1,Subin Bhattarai,"рдХреЗрдЯрд╛рдХреЗрдЯреАрд╣рд░реБ рдЬрд┐рддреНрди рдирдкрд╛рдП рд░реБрдиреНрдЫрдиреН, рднрд╛рд░рддрд▓реЗ рдЬрд┐рддреНрди рдкрд╛рдПрди рдирд╛рдХрд╛рдмрдиреНрджреА рдареЛрдХрд┐рджрд┐рдпреЛ ред рдХреЗрдЯрд╛рдХреЗрдЯреА рдмреБрджреНрдзрд┐ ! рдХрд╣рд┐рд▓реЗ рдкрд░рд┐рдкрдХреНрд╡ рд╣реБрдиреНрдЫреМ рд╣реЛрд▓рд╛ !",1,103,180
44,"Sep 25, 2015 ┬╖ 2:30 AM UTC",@love_pk4,рдкреНрд░рдХреГрддрд┐ рдкреМрдбреЗрд▓,рдЖрдЬ рдлрд▓реЛ рдлреНрд░рд╛рдЗрдбреЗ рдлрд▓реНрдиреБрд╕реН рдлрд▓рд╛рдЙрдиреБрд╕реН рдорд┐рддреНрд░рддрд╛ рдмрдврд╛рдЙрдиреБрд╕реН рд╕рд╛рдердорд╛ рдмрдХрд░ рдЗрдж рдХреЛ рд╢реБрднрдХрд╛рдордирд╛ рдЫ рд╣реЛрдИ рдЖрдЬ рдд рд╣реЛрд▓рд┐рдбреЗ рдлреНрд░рд╛рдЗрдбреЗ рд╡рд╛рдУ рдХреНрдпрд╛ рджрд╛рдореА,1,1,6
45,"Sep 25, 2015 ┬╖ 3:45 AM UTC",@amar_babu1,рдЕрдорд░ рдмрд╛рдмреВ,рдорд╛рдпрд╛ рдПрдХ рдереЛрдХ рдмрдиреЗрд░ рдЖрдЙрдБрдЫ рд╕рдм рдереЛрдХ рд▓рд┐рдПрд░ рдЬрд╛рдиреНрдЫ редрддреЗрд╣рд┐ рднрдпрд░ рднреБрд▓реНрди рдЧрд╛рд╣реНрд░реЛ рд╣реБрдиреНрдЫ рддрд░  рдкрдирд┐ рднреБрд▓реНрдиреИ рдкрд░реНрдЫред,0,61,87
46,"Sep 24, 2015 ┬╖ 3:47 PM UTC",@SonOfKarki,рдХреБрдорд╛рд░ рдХрд╛рд░реНрдХреА ЁЯТЩ,рдЫрд┐рдореЗрдХреАрдХреЛ рдмреБрдЗ рдЪрдвреЗрд░ рдЖрдлрдиреИ рдШрд░рдорд╛ рдЖрдЧреЛ рд▓рдЧрд╛рдЙрдиреЗ рдЫреЛрд░рд╛ рд▓рд╛рдЗ рдиреЗрдкрд╛рд▓ рдЖрдорд╛рд▓реЗ рдХреБ-рдкреБрддреНрд░ рд╕рдиреНрддрд╛рди рд╕рдореНрдЭреЗрд░ рджрд╛рдЧрдмрддреНрддреА рджрд┐рджрд╛ рд╣реБрдиреНрдЫ ред рдареЛрдХреНрджреЗ рдЧреЛрд▓рд┐ рдХреБ-рдкреБрддреНрд░ рднрд╛рд░рддреА рджрд▓рд╛рд▓рд▓рд╛рдИ,5,95,147
47,"Sep 24, 2015 ┬╖ 1:27 PM UTC",@Being_Raam,рдиреЗрдкрд╛рд▓рдХреЛ рд░рд╛рдо,"рд╢реНрд░рдо рдмреЗрдЪреНрдиреБрд▓рд╛рдЗ""рджрд╛рд╕рддрд╛""рд░""рдЧреБрд▓рд╛рдореА""рдард╛рдиреНрдиреЗ рд╣рд░реБ рджреБрдирд┐рдпрд╛рдБрдХрд╛ рд╕рдмреИрднрдиреНрджрд╛ рдареБрд▓рд╛""рдШрдордгреНрдбрд┐-рдореВрд░реНрдЦ""рд╣реБрдиред рдпреЛ рд╕рдВрд╕рд╛рд░рдХреЛ рд╕рдмреИрднрдиреНрджрд╛""рдкрд╡рд┐рддреНрд░""рд░""рдИрдорд╛рдирджрд╛рд░рдкреБрд░реНрдг""рд╡реНрдпрд╛рдкрд╛рд░ рд╣реЛ #рд░рд╛рдо",4,586,546
48,"Sep 21, 2015 ┬╖ 7:02 PM UTC",@love_pk4,рдкреНрд░рдХреГрддрд┐ рдкреМрдбреЗрд▓,рдпреЛ рдорди рдд рдореЗрд░реЛ рдиреЗрдкрд╛рд▓реАрд╣реЛ рднрд╛рд░рддрд▓реЗрдЬрддрд┐рд╕реБрдХреИ рд╣реЗрдкреНрди рдЦреЛрдЬреЛрд╕реН рдЖрдлреНрдиреЛ рд╕реНрд╡рд╛рднрд┐рдорд╛рди рдХрд╣рд┐рд▓реНрдпреИ рдбрдЧрдордЧрд╛рдЙрди рджрд┐рдЗрдиреЗрдЫреИрди рд╕рдзреИ рд╕реНрд╡рддрдиреНрддреНрд░рддрд╛ рдмрд╛рдЪрд┐рдиреНрдЫ рдЬрдпрдиреЗрдкрд╛рд▓ рдЬрдпрдиреЗрдкрд╛рд▓реА рд╢реБрднрд░рд╛рддреНрд░реА,1,2,6
49,"Sep 23, 2015 ┬╖ 3:18 PM UTC",@love_pk4,рдкреНрд░рдХреГрддрд┐ рдкреМрдбреЗрд▓,рдЖрдЬ рдд рдЫреБрдЯреНрдЯреИ рдорд╣рд╢реБрд╕ рднрдпреЛ рдпреЛ рдЬреАрд╡рди рдо рдХреЗрд╣реА рдирдпрд╛рдБ рдкреНрд░рдЧрддреА рдХреЛ рдкрдердо рдкреБрдЧрд┐рдПрдЫ рдХреНрдпрд╛рд░ рдзрдиреНрдпрд╡рд╛рдж рдЖрдЬ рдпреЛ рд╕реНрдерд╛рдирдорд╛ рдкреБрд░реНрдпрд╛рдЙрди рдЕрдерд╛рд╣ рдкреНрд░рдпрд╛рд╕ рдЧрд░реНрдиреЗ рд╕рдмреИрд▓рд╛рдИ,0,1,4
50,"Sep 23, 2015 ┬╖ 1:13 PM UTC",@Bhandaridipika,Dee Pee ka,Just setting up my Twitter. #myfirstTweet,0,1,0
